customer_lifetime_segment,customer_count,average_spend,average_review_rating
High-Value Customer,2781,63.63466379000359,3.7478964401294497
Loyal Customer,671,48.01788375558867,3.732637853949329
Growth Customer,293,50.15699658703072,3.7976109215017066
New Customer,155,59.33548387096774,3.774193548387097
