payment_method,total_orders,total_revenue,average_spend
Credit Card,671,40310,60.07451564828614
PayPal,677,40109,59.24519940915805
Cash,670,40002,59.7044776119403
Debit Card,636,38742,60.91509433962264
Venmo,634,37374,58.94952681388013
Bank Transfer,612,36544,59.712418300653596
