subscription_status,average_spend,total_revenue,customer_count
No,59.865121180189675,170436,2847
Yes,59.49192782526116,62645,1053
