rfm_segment,customer_count,total_revenue,average_spend
Mid-Value,3157,182552,57.824516946468165
Champions,254,21895,86.2007874015748
New High Potential,235,18828,80.11914893617022
At Risk,254,9806,38.60629921259842
