location,total_revenue,average_spend,customer_count
Montana,5784,60.25,96
Illinois,5617,61.05434782608695,92
California,5605,59.0,95
Idaho,5587,60.075268817204304,93
Nevada,5514,63.37931034482759,87
Alabama,5261,59.1123595505618,89
New York,5257,60.42528735632184,87
North Dakota,5220,62.89156626506024,83
West Virginia,5174,63.876543209876544,81
Nebraska,5172,59.44827586206897,87
